{"stats":{"minecraft:custom":{"minecraft:jump":86,"minecraft:open_chest":3,"minecraft:time_since_rest":7418,"minecraft:damage_dealt":50,"minecraft:play_one_minute":7418,"minecraft:crouch_one_cm":22,"minecraft:leave_game":4,"minecraft:sprint_one_cm":4106,"minecraft:time_since_death":7418,"minecraft:walk_on_water_one_cm":203,"minecraft:walk_one_cm":1526,"minecraft:sneak_time":11,"minecraft:walk_under_water_one_cm":756,"minecraft:mob_kills":1,"minecraft:swim_one_cm":1587,"minecraft:fly_one_cm":148375},"minecraft:used":{"minecraft:chest":3,"securitycraft:ancient_debris_mine":1,"alexsmobs:spawn_egg_tarantula_hawk":1,"alexsmobs:spawn_egg_blobfish":1,"alexsmobs:spawn_egg_dropbear":1}},"DataVersion":2586}