{
  "dungeons_arise:wda_root": {
    "criteria": {
      "WDA": "2024-06-07 00:49:08 +0000"
    },
    "done": true
  },
  "minecraft:recipes/transportation/acacia_boat": {
    "criteria": {
      "in_water": "2024-06-07 00:49:28 +0000"
    },
    "done": true
  },
  "minecraft:recipes/transportation/oak_boat": {
    "criteria": {
      "in_water": "2024-06-07 00:49:28 +0000"
    },
    "done": true
  },
  "minecraft:recipes/transportation/dark_oak_boat": {
    "criteria": {
      "in_water": "2024-06-07 00:49:28 +0000"
    },
    "done": true
  },
  "minecraft:recipes/transportation/birch_boat": {
    "criteria": {
      "in_water": "2024-06-07 00:49:28 +0000"
    },
    "done": true
  },
  "minecraft:adventure/root": {
    "criteria": {
      "killed_something": "2024-06-07 00:53:08 +0000"
    },
    "done": true
  },
  "minecraft:recipes/transportation/jungle_boat": {
    "criteria": {
      "in_water": "2024-06-07 00:49:28 +0000"
    },
    "done": true
  },
  "minecraft:recipes/transportation/spruce_boat": {
    "criteria": {
      "in_water": "2024-06-07 00:49:28 +0000"
    },
    "done": true
  },
  "minecraft:adventure/adventuring_time": {
    "criteria": {
      "minecraft:forest": "2024-06-06 22:03:43 +0000",
      "minecraft:warm_ocean": "2024-06-07 00:49:24 +0000",
      "minecraft:beach": "2024-06-06 22:03:37 +0000",
      "minecraft:river": "2024-06-06 22:03:48 +0000",
      "minecraft:lukewarm_ocean": "2024-06-06 22:03:38 +0000",
      "minecraft:wooded_hills": "2024-06-06 22:02:34 +0000"
    },
    "done": false
  },
  "DataVersion": 2586
}